Ciudad,Tiempo promedio
Lima (2),0.016898148
Bogotá (5),0.016319444
Recife (19),0.014467593
Fortaleza (40),0.012962963
Sao Paulo (48),0.0125
Montevideo (51),0.012384259
Santiago (60),0.012037037
Curitiba (62),0.011921296
Belo Horizonte (79),0.011574074
Buenos Aires (109),0.011111111
Salvador (111),0.01099537
Rio de Janeiro (143),0.010532407
Porto Alegre (161),0.010300926
Brasilia (266),0.008796296