Tipo de transporte,Viajes diarios,%
No motorizado,4723191,20.72108932
Motorizado privado,4632150,20.32168377
Público convencional,9260351,40.62604289
Público masivo,1548000,6.791223616
Otros medios,2630433,11.53996041