Año,Tipo,Valor
2019,Formal,2752.742566
2023,Formal,2547.104816
2019,Informal,1710.715738
2023,Informal,1559.925204