Sector,Valor
Pensiones (16),0.393477299
Interior y Defensa (20),0.258262221
Educación (16),0.233567405
Justicia (7),0.081534244
Otro** (22),0.033158831