Año,Pobreza extrema,Población que redujo su consumo de alimentos
2007,11.24882,4.55
2008,10.85074,4.7
2009,9.50493,4.55
2010,7.63195,3.57
2011,6.34228,3.02
2012,6.00851,2.65
2013,4.72824,2.23
2014,4.28302,2.05
2015,4.06519,2.6
2016,3.76633,2.65
2017,3.78628,3.28
2018,2.8057,3.04
2019,2.85488,3.24
2020,5.14757,3.11
2021,4.12305,7.57
2022,5.00948,5.17
2023,,6.31