Quintil,Crecimiento del empleo
1,-7.446469824
2,-17.5837506
3,-5.28952544
4,9.16884199
5,19.18571609
Promedio,-0.712361178