Trimestre,Expectativas de contratación (eje der.),Inversión privada
1/1/21,46.06666667,37.1395322
4/1/21,47.43333333,162.7253208
7/1/21,46.03333333,22.48849391
10/1/21,47.6,2.463330724
1/1/22,49.23333333,1.615019406
4/1/22,48.4,1.564409764
7/1/22,47.5,-0.538025164
10/1/22,45.76666667,-4.093390308
1/1/23,44.33333333,-12.01228783
4/1/23,46.6,-8.26314926
7/1/23,46.43333333,-6.170150663
10/1/23,47.1,-4.109528428