Año,Zona,Valor
2019,Promedio,1780.994374
2023,Promedio,1647.3
2019,Urbano,2014.861316
2023,Urbano,1798.9
2019,Rural,821.9863127
2023,Rural,879.1